[
  {
    "symbol": "ETH",
    "name": "Ethereum",
    "decimals": 18,
    "address": "0x",
    "coingecko": "ethereum",
    "class": "crypto"
  },
  {
    "symbol": "WBTC",
    "name": "Wrapped Bitcoin",
    "decimals": 8,
    "address": {
      "mainnet": "0x2260FAC5E5542a773Aa44fBCfeDf7C193bc2C599",
      "kovan": "0xa0a5ad2296b38bd3e3eb59aaeaf1589e8d9a29a9"
    },
    "coingecko": "wrapped-bitcoin",
    "class": "crypto"
  },
  {
    "symbol": "cUSDC",
    "name": "Compound USDC",
    "decimals": 8,
    "address": {
      "mainnet": "0x39AA39c021dfbaE8faC545936693aC917d5E7563",
      "kovan": "0x5d3a536e4d6dbd6114cc1ead35777bab948e3643"
    },
    "coingecko": "cdai",
    "class": "cash"
  },
  {
    "symbol": "aUSDC",
    "name": "Aave Interest bearing USDC ",
    "decimals": 6,
    "address": {
      "mainnet": "0x9bA00D6856a4eDF4665BcA2C2309936572473B7E",
      "kovan": "0x02F626c6ccb6D2ebC071c068DC1f02Bf5693416a"
    },
    "coingecko": "aave-usdc",
    "class": "cash"
  },
  {
    "symbol": "PAXG",
    "name": "Paxos Gold token",
    "url": "https://www.paxos.com/paxgold/",
    "decimals": 18,
    "address": {
      "mainnet": "0x45804880de22913dafe09f4980848ece6ecbaf78",
      "kovan": "0xb6362fdcceedf79724a8cbdb0ec262334941cd5a"
    },
    "coingecko": "pax-gold",
    "class": "gold"
  }
]
